{"cameraMode":{"drawMode":0,"name":"Shaded","section":"Shading Mode"},"sceneLighting":true,"audioPlay":false,"sceneViewState":{"showFog":true,"showMaterialUpdate":false,"showSkybox":true,"showFlares":true,"showImageEffects":true,"showParticleSystems":true},"in2DMode":false,"pivot":{"x":-0.5340595245361328,"y":0.003662109375,"z":0.4569091796875},"rotation":{"x":-0.1509375125169754,"y":0.5815725922584534,"z":-0.11087766289710999,"w":-0.7916492819786072},"size":1.2719742059707642,"orthographic":true}